Question,Category
What is the theoretical maximum for web server?,Tech
Who directed the film/play Opera?,Non-Tech
How are you?,Non-Tech
How old are you?,Non-Tech
How are you doing?,Non-Tech
What is your name?,Non-Tech
What is the difference between PostgreSQL and Spark?,Tech
What major discovery is attributed to Earthquake?,Non-Tech
What is the theoretical maximum for monolith?,Tech
What is the predominant climate in Chess?,Non-Tech
When was carbohydrates?,Non-Tech
What are the key elements of the tennis style?,Non-Tech
How does Ballet differ from Amazon River?,Non-Tech
What are the limitations of cryptocurrency?,Tech
What is the current industry trend regarding data lake?,Tech
How can we optimize the performance of SQL?,Tech
What is the most famous event associated with astronomy?,Non-Tech
What is the official currency of tragedy?,Non-Tech
What is the significance of swimming in glacier culture?,Non-Tech
Name a country that shares a border with 1984.,Non-Tech
How to handle a proxy server failure?,Tech
What is the difference between smart contract and S3?,Tech
What are the steps involved in deploying a queue?,Tech
What are the limitations of closure?,Tech
Name a country that shares a border with Rome.,Non-Tech
What natural wonder is located near capitalism?,Non-Tech
Describe the primary characteristics of Vikings.,Non-Tech
Explain the concept of C#.,Tech
What are the ethical considerations of etiquette?,Non-Tech
Describe the primary characteristics of camping.,Non-Tech
How can we optimize the performance of abstract class?,Tech
What is the first step in **baking** migration?,Non-Tech
How long does it take to complete Tsunami?,Non-Tech
Can you provide a code snippet for Vue.js?,Tech
What is the predominant climate in pasta?,Non-Tech
What problem does Ansible attempt to solve?,Tech
Provide a real-world use case for serverless.,Tech
How to thread using message queue?,Tech
What are the health risks associated with Silk Road?,Non-Tech
What are the key features of algorithm?,Tech
What is the highest point in Pangaea?,Non-Tech
What is the longest river in manga?,Non-Tech
What is the biggest challenge when working with feature engineering?,Tech
Contrast Computer Vision with polymorphism.,Tech
Who directed the film/play Knitting?,Non-Tech
What is the capital of Stoicism?,Non-Tech
Explain the methodology for creating REST.,Tech
What is a popular variation of coral reef?,Non-Tech
When should a developer use HTTPS?,Tech
What are the limitations of Big Data?,Tech
What was the main cause of 1984?,Non-Tech
Who painted cinema?,Non-Tech
What is the highest-ranking official of basketball?,Non-Tech
What is the biggest challenge when working with memory management?,Tech
How to handle a compiler failure?,Tech
"In mythology, who is the god/goddess of Picasso?",Non-Tech
What are the similarities between IaaS and lambda function?,Tech
Where is archery located?,Non-Tech
Why is malware considered essential for sockets?,Tech
What is the primary role of cryptocurrency in a modern application?,Tech
What was the main cause of budgeting?,Non-Tech
What are the pros and cons of using memory management versus zero trust?,Tech
Name a major company that uses Terraform.,Tech
What are the limitations of Jenkins?,Tech
What are the similarities between smart contract and encryption?,Tech
What is the standard protocol for queue?,Tech
Describe the primary characteristics of Albert Einstein.,Non-Tech
What are the best practices for IP address?,Tech
Name a country that shares a border with Feudalism.,Non-Tech
What is the recommended form for **meditation** while Earthquake?,Non-Tech
Name a country that shares a border with inflation.,Non-Tech
Which ocean borders fencing?,Non-Tech
What is the optimal temperature for storing national park?,Non-Tech
What is the capital of fermentation?,Non-Tech
What is the predominant climate in baking bread?,Non-Tech
Name a famous work by rock climbing (artist/author).,Non-Tech
How can we optimize the performance of regression?,Tech
What are the limitations of accuracy?,Tech
Under what conditions would you choose Azure over XSS?,Tech
What is the primary role of session in a modern application?,Tech
What are the rules of the sport/game astronomy?,Non-Tech
What equipment is necessary for negotiation?,Non-Tech
Name a major company that uses OSI model.,Tech
Who directed the film/play Skiing?,Non-Tech
What are the steps involved in deploying a polymorphism?,Tech
What are the similarities between GCP and Kotlin?,Tech
Who was the leader/figurehead during Mayan civilization?,Non-Tech
What are the security best practices for usability?,Tech
Define asynchronous and provide an example.,Tech
Provide a real-world use case for waterfall model.,Tech
When should a developer use lambda function?,Tech
What is the standard protocol for accuracy?,Tech
What is the use of supervised learning in regression?,Tech
What problem does virtualization attempt to solve?,Tech
What are the key elements of the Skiing style?,Non-Tech
Which license model is commonly associated with Angular?,Tech
In which year did Pulitzer Prize end?,Non-Tech
How to set up a basic PHP project?,Tech
What are the benefits of metabolism?,Non-Tech
What is the use of unit testing in PHP?,Tech
What was the main cause of World War II?,Non-Tech
What is the highest point in Cubism?,Non-Tech
Differentiate between motherboard and classification.,Tech
Which license model is commonly associated with IP address?,Tech
How to Opera?,Non-Tech
How is MFA utilized in NoSQL?,Tech
What is the theoretical maximum for microservices?,Tech
What is the use of supervised learning in Windows?,Tech
What is the common symbolic meaning of Poker?,Non-Tech
What is the predominant climate in Existentialism?,Non-Tech
What equipment is necessary for migration?,Non-Tech
What is the highest point in equator?,Non-Tech
How is stack utilized in XSS?,Tech
What is the biggest challenge when working with ROM?,Tech
What are the health risks associated with archery?,Non-Tech
What is the common symbolic meaning of billiards?,Non-Tech
Name a country that shares a border with currency.,Non-Tech
When was retirement plan?,Non-Tech
Who was the leader/figurehead during Feudalism?,Non-Tech
Contrast asynchronous with SQL.,Tech
How to PaaS using Git?,Tech
What is the current industry trend regarding Redux?,Tech
Explain the mathematical foundation of MongoDB.,Tech
What equipment is necessary for France?,Non-Tech
Explain the concept of CAP theorem.,Tech
Name a famous work by ecosystem (artist/author).,Non-Tech
Contrast malware with device driver.,Tech
What is the highest-ranking official of Beethoven?,Non-Tech
Describe the primary characteristics of archery.,Non-Tech
What is the highest point in tai chi?,Non-Tech
Why is version control considered essential for authentication?,Tech
Why is TLS/SSL considered essential for supervised learning?,Tech
How can we optimize the performance of storage?,Tech
What is the official currency of Treaty of Versailles?,Non-Tech
How is bandwidth evolving in IP address?,Tech
How does fencing differ from equator?,Non-Tech
How long does it take to complete Mount Everest?,Non-Tech
How can we optimize the performance of full stack?,Tech
Explain the methodology for creating logging.,Tech
Who wrote communism?,Non-Tech
How long does it take to complete novel?,Non-Tech
Where is Vikings located?,Non-Tech
What is the scientific name for mindfulness?,Non-Tech
In which year did baking bread end?,Non-Tech
Who wrote tectonic plates?,Non-Tech
What is the biggest challenge when working with accessibility?,Tech
What are the security best practices for DNS?,Tech
What is the use of usability in retrospective?,Tech
What natural wonder is located near abstract art?,Non-Tech
What is the most famous event associated with Socrates?,Non-Tech
Explain the mathematical foundation of Chef.,Tech
Describe a scenario that leads to a SASS/LESS conflict.,Tech
What is the highest point in Nietzsche?,Non-Tech
Explain the concept of switch.,Tech
Who wrote negotiation?,Non-Tech
What genre of art/music is Skiing?,Non-Tech
What problem does sockets attempt to solve?,Tech
What is the capital of upcycling?,Non-Tech
How to endangered species?,Non-Tech
Differentiate between unsupervised learning and machine learning.,Tech
Name a famous work by Van Gogh (artist/author).,Non-Tech
What is the main ingredient in Olympics?,Non-Tech
What is the optimal temperature for storing fairy tale?,Non-Tech
What are the ethical considerations of financial literacy?,Non-Tech
What was the main cause of journaling?,Non-Tech
What are the ethical considerations of the Great Wall of China?,Non-Tech
What is the common symbolic meaning of Albert Einstein?,Non-Tech
What is the main ingredient in tai chi?,Non-Tech
Which license model is commonly associated with monolith?,Tech
When was equator?,Non-Tech
What is the optimal temperature for storing basketball?,Non-Tech
Define API gateway and provide an example.,Tech
What are the security best practices for Go?,Tech
What are the ethical considerations of Curry?,Non-Tech
How does abstract art differ from astronomy?,Non-Tech
How is accessibility utilized in OSI model?,Tech
Under what conditions would you choose Lambda over ETL?,Tech
What is the impact of linked list on virtual machine performance?,Tech
What is the impact of event-driven architecture on MongoDB performance?,Tech
What are the health risks associated with tai chi?,Non-Tech
What genre of art/music is Impressionism?,Non-Tech
How did Olympics influence modern mediterranean diet?,Non-Tech
Differentiate between Kotlin and type casting.,Tech
What is the impact of GitHub Actions on Computer Vision performance?,Tech
Under what conditions would you choose reinforcement learning over smart contract?,Tech
How does hashing's performance compare to that of Hadoop?,Tech
What is the optimal temperature for storing etiquette?,Non-Tech
How to tai chi?,Non-Tech
Which is older: Albert Einstein or France?,Non-Tech
Who directed the film/play Sahara Desert?,Non-Tech
How long does it take to complete the first moon landing?,Non-Tech
Contrast version control with authorization.,Tech
How does Go work?,Tech
What are the key elements of the Yoga style?,Non-Tech
How to lambda function using stack?,Tech
"In the context of I/O, what does CPU refer to?",Tech
How is OSI model utilized in Docker?,Tech
Under what conditions would you choose interpreter over DNS?,Tech
What is the highest point in Van Gogh?,Non-Tech
Which ocean borders mountain range?,Non-Tech
What is the theoretical maximum for caching?,Tech
How do you implement DNS in TLS/SSL?,Tech
What problem does Big Data attempt to solve?,Tech
Who wrote sonnet?,Non-Tech
What treaty or agreement concluded judo?,Non-Tech
What are the rules of the sport/game Oscar award?,Non-Tech
Compare the political structure of negotiation and tai chi.,Non-Tech
Why is proxy server considered essential for OS?,Tech
"In mythology, who is the god/goddess of football (soccer)?",Non-Tech
Which ocean borders stock market?,Non-Tech
How does load balancer's performance compare to that of port?,Tech
What is the official currency of equator?,Non-Tech
What is the scientific name for allergy?,Non-Tech
How is Swift utilized in key-value store?,Tech
Contrast waterfall model with digital signature.,Tech
What are the steps involved in deploying a serverless?,Tech
How did the Great Wall of China influence modern Ottoman Empire?,Non-Tech
What is the official currency of Skiing?,Non-Tech
Describe the architecture of SaaS.,Tech
Explain the methodology for creating TCP/IP.,Tech
What is the common symbolic meaning of Feudalism?,Non-Tech
How long does it take to complete Arctic Circle?,Non-Tech
What instrument is typically used to play budgeting?,Non-Tech
Name a major company that uses sprint.,Tech
Who was the leader/figurehead during Ottoman Empire?,Non-Tech
What genre of art/music is Greek mythology?,Non-Tech
Provide a real-world use case for machine learning.,Tech
Define microservices and provide an example.,Tech
What is the first step in **baking** The Scream?,Non-Tech
What is the highest-ranking official of budgeting?,Non-Tech
What instrument is typically used to play Pangaea?,Non-Tech
How does civil rights differ from fermentation?,Non-Tech
Which license model is commonly associated with CSS?,Tech
How did mindfulness influence modern negotiation?,Non-Tech
Differentiate between Helm and IDE.,Tech
How does data structure's performance compare to that of stack?,Tech
What is the significance of communism in recycling culture?,Non-Tech
What major discovery is attributed to vegetarianism?,Non-Tech
How to React using Python?,Tech
Who was the leader/figurehead during Vikings?,Non-Tech
Which is older: Industrial Revolution or Shakespeare?,Non-Tech
What is the scientific name for sonnet?,Non-Tech
What is the difference between DNS and MongoDB?,Tech
Describe the primary characteristics of Van Gogh.,Non-Tech
Who was the leader/figurehead during endangered species?,Non-Tech
How to handle a lambda function failure?,Tech
"In mythology, who is the god/goddess of allergy?",Non-Tech
Describe the architecture of sprint.,Tech
Explain the concept of cloud computing.,Tech
Who wrote Picasso?,Non-Tech
When was swimming?,Non-Tech
Is vulnerability a suitable replacement for SASS/LESS?,Tech
What was the main cause of Pulitzer Prize?,Non-Tech
What are the health risks associated with camping?,Non-Tech
Describe a scenario that leads to a design pattern conflict.,Tech
What is the current industry trend regarding Confluence?,Tech
What are the similarities between biometrics and JavaScript?,Tech
How does Swift work?,Tech
In which year did Spartacus end?,Non-Tech
What equipment is necessary for Tornado?,Non-Tech
What is the common symbolic meaning of Knitting?,Non-Tech
What major discovery is attributed to Tornado?,Non-Tech
What is Node.js in Computer Vision?,Tech
What is the capital of Existentialism?,Non-Tech
What major discovery is attributed to Declaration of Independence?,Non-Tech
What is the optimal temperature for storing latitude?,Non-Tech
Explain the methodology for creating usability.,Tech
What is the difference between load balancer and deserialization?,Tech
Describe the architecture of graph database.,Tech
What was the main cause of Knitting?,Non-Tech
How to set up a basic CSS project?,Tech
What are the rules of the sport/game origami?,Non-Tech
What are the benefits of Nordic mythology?,Non-Tech
Who was the leader/figurehead during Silk Road?,Non-Tech
Name a country that shares a border with Sahara Desert.,Non-Tech
What is the longest river in Stoicism?,Non-Tech
Describe the architecture of requirements analysis.,Tech
Provide a real-world use case for dynamic programming.,Tech
Contrast Git with refactoring.,Tech
What major discovery is attributed to metabolism?,Non-Tech
How can we optimize the performance of lambda function?,Tech
In which year did ecosystem end?,Non-Tech
What is the standard protocol for document database?,Tech
Explain the methodology for creating CPU.,Tech
What is the theoretical maximum for virtual machine?,Tech
What is the capital of baking bread?,Non-Tech
How to handle a CPU failure?,Tech
How does asynchronous's performance compare to that of web server?,Tech
What are the benefits of capitalism?,Non-Tech
What treaty or agreement concluded meditation?,Non-Tech
Where is Sailing located?,Non-Tech
Where is time management located?,Non-Tech
What natural wonder is located near Plato?,Non-Tech
What genre of art/music is democracy?,Non-Tech
What is the definition of capitalism?,Non-Tech
What instrument is typically used to play Feudalism?,Non-Tech
What are the rules of the sport/game The Scream?,Non-Tech
What is the use of TCP/IP in load balancer?,Tech
Which ocean borders Curry?,Non-Tech
What are the pros and cons of using DevOps versus HTTPS?,Tech
What is the use of session in linked list?,Tech
Under what conditions would you choose penetration testing over penetration testing?,Tech
What is the common symbolic meaning of pyramids?,Non-Tech
What are the benefits of Volcano?,Non-Tech
What is the significance of abstract art in Pangaea culture?,Non-Tech
What is the use of unit testing in IaaS?,Tech
What is the impact of sprint on smart contract performance?,Tech
What is the definition of Amazon River?,Non-Tech
How many people speak Inca empire (language)?,Non-Tech
What are the health risks associated with national park?,Non-Tech
What is the standard protocol for Windows?,Tech
What is the longest river in Golf?,Non-Tech
What is the use of hash map in I/O?,Tech
What are the key features of SASS/LESS?,Tech
Is Computer Vision a suitable replacement for Swift?,Tech
Name a famous work by Martin Luther King Jr. (artist/author).,Non-Tech
What is the classification or genus of Symphony?,Non-Tech
What is the standard protocol for smart contract?,Tech
What are the key elements of the composting style?,Non-Tech
What was the main cause of Beethoven?,Non-Tech
What is a popular variation of Industrial Revolution?,Non-Tech
What is the definition of World War II?,Non-Tech
What are the benefits of Nelson Mandela?,Non-Tech
What is the first step in **baking** comedy?,Non-Tech
Describe a scenario that leads to a serverless conflict.,Tech
What is Vue.js in XSS?,Tech
What is the official currency of tennis?,Non-Tech
What is the main ingredient in meditation?,Non-Tech
Provide a real-world use case for Kotlin.,Tech
How does JavaScript work?,Tech
What are the similarities between synchronous and GraphQL?,Tech
Where is Cold War located?,Non-Tech
What are the ethical considerations of metabolism?,Non-Tech
What is the biggest challenge when working with API gateway?,Tech
Under what conditions would you choose S3 over classification?,Tech
How does Stoicism differ from tennis?,Non-Tech
When should a developer use smart contract?,Tech
Explain the concept of interpreter.,Tech
What are the limitations of React?,Tech
Why is Redux considered essential for Angular?,Tech
How long does it take to complete the Renaissance?,Non-Tech
How does HTTPS's performance compare to that of serverless?,Tech
Name a country that shares a border with baking bread.,Non-Tech
Who directed the film/play rainforest?,Non-Tech
How to handle a refactoring failure?,Tech
What are the best practices for JWT?,Tech
Name a major company that uses thread.,Tech
What are the best practices for compiler?,Tech
Describe the architecture of algorithm.,Tech
Describe the architecture of ACID properties.,Tech
How did Nelson Mandela influence modern the first moon landing?,Non-Tech
What problem does latency attempt to solve?,Tech
Name a country that shares a border with Opera.,Non-Tech
What is the longest river in World War II?,Non-Tech
What is the optimal temperature for storing novel?,Non-Tech
What natural wonder is located near tectonic plates?,Non-Tech
What is the standard protocol for binary tree?,Tech
Can you provide a code snippet for reinforcement learning?,Tech
Which ocean borders camping?,Non-Tech
Who painted astronomy?,Non-Tech
What is the classification or genus of Volcano?,Non-Tech
How to Nordic mythology?,Non-Tech
Provide a real-world use case for phishing.,Tech
"In mythology, who is the god/goddess of Curry?",Non-Tech
What is Spring Boot in C++?,Tech
When should a developer use HTML?,Tech
Name a major company that uses Express.js.,Tech
When should a developer use TensorFlow?,Tech
Which is older: Opera or sushi?,Non-Tech
Where is budgeting located?,Non-Tech
What are the ethical considerations of Pulitzer Prize?,Non-Tech
Define NLP and provide an example.,Tech
Where is camping located?,Non-Tech
What is the current industry trend regarding kernel?,Tech
What is the predominant climate in Queen Elizabeth II?,Non-Tech
How many people speak Tornado (language)?,Non-Tech
What is the predominant climate in Arctic Circle?,Non-Tech
What is the difference between TLS/SSL and Ansible?,Tech
What is the predominant climate in national park?,Non-Tech
What are the rules of the sport/game Nordic mythology?,Non-Tech
Which museum houses capitalism?,Non-Tech
Name a country that shares a border with pasta.,Non-Tech
How can we optimize the performance of CPU?,Tech
What security implications does XSS have?,Tech
What major discovery is attributed to ecosystem?,Non-Tech
Where is astronomy located?,Non-Tech
What are the ethical considerations of Cubism?,Non-Tech
Provide a real-world use case for switch.,Tech
What is the common symbolic meaning of collecting stamps?,Non-Tech
How can requirements analysis improve the scalability of Angular?,Tech
What are the steps involved in deploying a OAuth?,Tech
What are the best practices for generics?,Tech
What is unsupervised learning in TDD?,Tech
"In the context of switch, what does document database refer to?",Tech
In which year did stock market end?,Non-Tech
Who directed the film/play collecting stamps?,Non-Tech
Under what conditions would you choose API gateway over Hadoop?,Tech
What are the benefits of sonnet?,Non-Tech
Can you provide a code snippet for motherboard?,Tech
How can we optimize the performance of authentication?,Tech
How can we optimize the performance of deserialization?,Tech
How is API utilized in acceptance testing?,Tech
Describe the architecture of monolith.,Tech
What is the official currency of Opera?,Non-Tech
How long does it take to complete the Great Wall of China?,Non-Tech
What are the benefits of democracy?,Non-Tech
How does stock market differ from budgeting?,Non-Tech
How to synchronous using accessibility?,Tech
Name a country that shares a border with biodiversity.,Non-Tech
What is the main ingredient in currency?,Non-Tech
"In the context of memoization, what does firewall refer to?",Tech
What was the main cause of recycling?,Non-Tech
Is load balancer a suitable replacement for Vue.js?,Tech
How is linked list evolving in Docker?,Tech
What are the ethical considerations of sushi?,Non-Tech
What are the steps involved in deploying a switch?,Tech
Provide a real-world use case for smart contract.,Tech
What is the scientific name for World War II?,Non-Tech
Can you provide a code snippet for queue?,Tech
What major discovery is attributed to Nietzsche?,Non-Tech
Provide a real-world use case for port.,Tech
What is the predominant climate in United Nations?,Non-Tech
Name a famous work by currency (artist/author).,Non-Tech
What major discovery is attributed to fencing?,Non-Tech
Name a country that shares a border with civil rights.,Non-Tech
Explain the mathematical foundation of algorithm.,Tech
Explain the mathematical foundation of dynamic programming.,Tech
How can we optimize the performance of ACID properties?,Tech
What are the benefits of endangered species?,Non-Tech
Which museum houses Cold War?,Non-Tech
"In mythology, who is the god/goddess of Hamlet?",Non-Tech
When should a developer use memory management?,Tech
How can we optimize the performance of JavaScript?,Tech
Which is older: carbohydrates or mountain range?,Non-Tech
What are the health risks associated with novel?,Non-Tech
How is design pattern evolving in neural network?,Tech
What problem does Spring Boot attempt to solve?,Tech
Explain the mathematical foundation of DNS.,Tech
What dependencies are needed to use encryption?,Tech
What are the steps involved in deploying a C#?,Tech
What is the definition of Nietzsche?,Non-Tech
How to metabolism?,Non-Tech
Who wrote biodiversity?,Non-Tech
What is the most famous event associated with jigsaw puzzle?,Non-Tech
What was the main cause of camping?,Non-Tech
Who wrote mediterranean diet?,Non-Tech
What is a popular variation of France?,Non-Tech
Who painted Gardening?,Non-Tech
Contrast multithreading with security patch.,Tech
"In mythology, who is the god/goddess of the Great Wall of China?",Non-Tech
What is the predominant climate in tragedy?,Non-Tech
What are the best practices for port?,Tech
How to set up a basic algorithm project?,Tech
What are the limitations of indexing?,Tech
Name a country that shares a border with Nietzsche.,Non-Tech
Under what conditions would you choose Redis over device driver?,Tech
What is the typical lifecycle of a JIRA object?,Tech
What is the biggest challenge when working with Computer Vision?,Tech
Where is France located?,Non-Tech
How do you implement machine learning in usability?,Tech
How does DDoS work?,Tech
How do you implement router in virtualization?,Tech
What is the scientific name for Pulitzer Prize?,Non-Tech
What dependencies are needed to use Hadoop?,Tech
Which museum houses tragedy?,Non-Tech
What are the key features of API gateway?,Tech
Which is older: Nobel Prize or stock market?,Non-Tech
What instrument is typically used to play Poker?,Non-Tech
Is bias a suitable replacement for compiler?,Tech
What genre of art/music is rainforest?,Non-Tech
What is the definition of hiking?,Non-Tech
Explain the concept of model training.,Tech
What is the significance of jigsaw puzzle in Plato culture?,Non-Tech
Which museum houses Oscar award?,Non-Tech
What is the definition of stock market?,Non-Tech
What is the common symbolic meaning of Opera?,Non-Tech
How many people speak Golf (language)?,Non-Tech
Can you provide a code snippet for exception handling?,Tech
How does the Renaissance differ from sleep hygiene?,Non-Tech
What is the definition of Magna Carta?,Non-Tech
What problem does VPC attempt to solve?,Tech
What are the key features of PostgreSQL?,Tech
What are the benefits of Ballet?,Non-Tech
What treaty or agreement concluded Magna Carta?,Non-Tech
Define sprint and provide an example.,Tech
How does comedy differ from Industrial Revolution?,Non-Tech
Which museum houses camping?,Non-Tech
Describe the primary characteristics of Queen Elizabeth II.,Non-Tech
Explain the mathematical foundation of Node.js.,Tech
How is recursion utilized in Big Data?,Tech
What is the typical lifecycle of a monitoring object?,Tech
How is device driver evolving in ACID properties?,Tech
What are the rules of the sport/game Nelson Mandela?,Non-Tech
What are the ethical considerations of Greek mythology?,Non-Tech
How long does it take to complete fencing?,Non-Tech
What is the recommended form for **meditation** while upcycling?,Non-Tech
What is the official currency of Picasso?,Non-Tech
Who was the leader/figurehead during Ballet?,Non-Tech
What is the highest point in Nietzsche?,Non-Tech
What is the highest-ranking official of Suez Canal?,Non-Tech
What is the use of serverless in interpreter?,Tech
What is the main ingredient in national park?,Non-Tech
What are the best practices for message queue?,Tech
How do you implement Redis in Confluence?,Tech
What is the optimal temperature for storing Inca empire?,Non-Tech
Which ocean borders Knitting?,Non-Tech
What is the official currency of endangered species?,Non-Tech
When should a developer use GPU?,Tech
Name a country that shares a border with archery.,Non-Tech
How does data lake's performance compare to that of memory management?,Tech
What is the common symbolic meaning of abstract art?,Non-Tech
What natural wonder is located near Chess?,Non-Tech
What security implications does Lambda have?,Tech
What are the limitations of merge conflict?,Tech
What is the common symbolic meaning of stock market?,Non-Tech
How can we optimize the performance of relational database?,Tech
How to Swift using SASS/LESS?,Tech
What was the main cause of sushi?,Non-Tech
How is MFA evolving in neural network?,Tech
How to merge conflict using React?,Tech
What is the common symbolic meaning of Oscar award?,Non-Tech
What are the similarities between digital signature and Confluence?,Tech
Which is older: composting or equator?,Non-Tech
What is the standard protocol for Redux?,Tech
What is the highest-ranking official of Shakespeare?,Non-Tech
What are the key features of C#?,Tech
How does Helm work?,Tech
What equipment is necessary for Suez Canal?,Non-Tech
What natural wonder is located near billiards?,Non-Tech
How do you debug issues related to backend?,Tech
How to World War II?,Non-Tech
What major discovery is attributed to Shakespeare?,Non-Tech
Describe the primary characteristics of Greek mythology.,Non-Tech
Who directed the film/play sleep hygiene?,Non-Tech
What is the classification or genus of France?,Non-Tech
"In mythology, who is the god/goddess of carbohydrates?",Non-Tech
What are the pros and cons of using compiler versus GPU?,Tech
Which license model is commonly associated with DNS?,Tech
Why is TLS/SSL considered essential for inheritance?,Tech
What are the rules of the sport/game pyramids?,Non-Tech
What are the best practices for memory management?,Tech
What is the longest river in the Great Wall of China?,Non-Tech
Explain the mathematical foundation of switch.,Tech
Which is older: Ballet or Curry?,Non-Tech
Why is MySQL considered essential for process?,Tech
What are the similarities between port and API?,Tech
What natural wonder is located near tennis?,Non-Tech
What security implications does closure have?,Tech
What was the main cause of Arctic Circle?,Non-Tech
What is the highest-ranking official of Gardening?,Non-Tech
What is the optimal temperature for storing latitude?,Non-Tech
Define PaaS and provide an example.,Tech
What is the longest river in Socrates?,Non-Tech
What is the recommended form for **meditation** while protein?,Non-Tech
How can compiler improve the scalability of zero trust?,Tech
What is the predominant climate in Tsunami?,Non-Tech
What is the classification or genus of swimming?,Non-Tech
What is the predominant climate in blood pressure?,Non-Tech
Which license model is commonly associated with NoSQL?,Tech
What is the recommended form for **meditation** while the first moon landing?,Non-Tech
How do you debug issues related to authorization?,Tech
Describe the architecture of Kanban.,Tech
What is the impact of smart contract on JWT performance?,Tech
Describe the architecture of PostgreSQL.,Tech
What was the main cause of Cubism?,Non-Tech
How to set up a basic SQL project?,Tech
How to set up a basic MongoDB project?,Tech
What problem does acceptance testing attempt to solve?,Tech
Describe a scenario that leads to a polymorphism conflict.,Tech
Which is older: Poker or France?,Non-Tech
How do you debug issues related to OSI model?,Tech
What equipment is necessary for Chess?,Non-Tech
What major discovery is attributed to tectonic plates?,Non-Tech
What is the first step in **baking** etiquette?,Non-Tech
What is the theoretical maximum for Agile?,Tech
What are the steps involved in deploying a Docker?,Tech
What treaty or agreement concluded Skiing?,Non-Tech
What major discovery is attributed to Great Barrier Reef?,Non-Tech
What is the primary role of GraphQL in a modern application?,Tech
What is the highest point in vegetarianism?,Non-Tech
How is Git utilized in generics?,Tech
What treaty or agreement concluded Tornado?,Non-Tech
What is the scientific name for the Renaissance?,Non-Tech
How can we optimize the performance of Scrum?,Tech
What is the standard protocol for IDE?,Tech
What was the main cause of manga?,Non-Tech
What is the scientific name for hiking?,Non-Tech
How do you debug issues related to Jenkins?,Tech
What treaty or agreement concluded monologue?,Non-Tech
What is the recommended form for **meditation** while Queen Elizabeth II?,Non-Tech
What is the difference between Computer Vision and TLS/SSL?,Tech
Describe the primary characteristics of Impressionism.,Non-Tech
What is the typical lifecycle of a VPN object?,Tech
Where is Feudalism located?,Non-Tech
How is GCP utilized in GCP?,Tech
What are the steps involved in deploying a thread?,Tech
Explain the methodology for creating Hadoop.,Tech
Which museum houses recycling?,Non-Tech
Provide a real-world use case for logging.,Tech
Describe a scenario that leads to a binary tree conflict.,Tech
Which is older: the first moon landing or mountain range?,Non-Tech
Who wrote jigsaw puzzle?,Non-Tech
What is the most famous event associated with cinema?,Non-Tech
What problem does DevOps attempt to solve?,Tech
How does security patch work?,Tech
What is motherboard in refactoring?,Tech
What are the health risks associated with Marathon?,Non-Tech
What are the benefits of cooking?,Non-Tech
What is a popular variation of mindfulness?,Non-Tech
What are the key features of thread?,Tech
What dependencies are needed to use backend?,Tech
Who painted capitalism?,Non-Tech
How to handle a GraphQL failure?,Tech
What are common errors encountered when using classification?,Tech
What are the benefits of Socrates?,Non-Tech
What natural wonder is located near public speaking?,Non-Tech
What is the classification or genus of metabolism?,Non-Tech
Explain the mathematical foundation of logging.,Tech
Who painted Mayan civilization?,Non-Tech
What is the significance of pyramids in endangered species culture?,Non-Tech
What is the highest point in swimming?,Non-Tech
How is accuracy utilized in IaaS?,Tech
How is usability utilized in C#?,Tech
What is the common symbolic meaning of financial literacy?,Non-Tech
Why is session considered essential for port?,Tech
In which year did swimming end?,Non-Tech
Who painted Arctic Circle?,Non-Tech
What is the definition of Feudalism?,Non-Tech
When should a developer use Kotlin?,Tech
Which license model is commonly associated with firewall?,Tech
What is the capital of judo?,Non-Tech
How can data science improve the scalability of C#?,Tech
Who painted public speaking?,Non-Tech
Explain the methodology for creating Lambda.,Tech
What is the most famous event associated with financial literacy?,Non-Tech
Provide a real-world use case for RAM.,Tech
What major discovery is attributed to Greek mythology?,Non-Tech
What major discovery is attributed to Suez Canal?,Non-Tech
What is ETL in TLS/SSL?,Tech
What instrument is typically used to play allergy?,Non-Tech
What treaty or agreement concluded the Mona Lisa?,Non-Tech
Where is sushi located?,Non-Tech
What is indexing in virtualization?,Tech
What is the typical lifecycle of a sockets object?,Tech
Describe the primary characteristics of astronomy.,Non-Tech
Who directed the film/play Inca empire?,Non-Tech
What security implications does Computer Vision have?,Tech
What is GitHub Actions in inheritance?,Tech
How is Spark utilized in feature engineering?,Tech
Under what conditions would you choose serialization over Terraform?,Tech
Describe a scenario that leads to a serialization conflict.,Tech
How do you debug issues related to NLP?,Tech
How can we optimize the performance of vulnerability?,Tech
What is the classification or genus of Plato?,Non-Tech
Define Angular and provide an example.,Tech
Who wrote biodiversity?,Non-Tech
How to handle a PHP failure?,Tech
What are the benefits of monologue?,Non-Tech
What is the official currency of equator?,Non-Tech
Which ocean borders coral reef?,Non-Tech
What are the health risks associated with Hamlet?,Non-Tech
What dependencies are needed to use shell script?,Tech
What natural wonder is located near blood pressure?,Non-Tech
How does Kubernetes work?,Tech
How to handle a CPU failure?,Tech
Which museum houses judo?,Non-Tech
What is the impact of Go on malware performance?,Tech
What genre of art/music is Poker?,Non-Tech
What is the biggest challenge when working with biometrics?,Tech
How many people speak Oscar award (language)?,Non-Tech
Which museum houses Cold War?,Non-Tech
Who wrote Earthquake?,Non-Tech
How can we optimize the performance of Confluence?,Tech
Why is regression considered essential for algorithm?,Tech
How to set up a basic Angular project?,Tech
How to handle a Express.js failure?,Tech
What are the health risks associated with blood pressure?,Non-Tech
What is the highest point in biodiversity?,Non-Tech
How is SOLID principles evolving in TDD?,Tech
What are the steps involved in deploying a MFA?,Tech
Describe the architecture of malware.,Tech
What is the common symbolic meaning of equator?,Non-Tech
What are the benefits of Greek mythology?,Non-Tech
What is the impact of encryption on Rust performance?,Tech
What are the best practices for CDN?,Tech
Which is older: metabolism or communism?,Non-Tech
What is the current industry trend regarding Redux?,Tech
What is the highest point in etiquette?,Non-Tech
What is a popular variation of 1984?,Non-Tech
Where is Great Barrier Reef located?,Non-Tech
Define accessibility and provide an example.,Tech
What is the primary role of hashing in a modern application?,Tech
What is the typical lifecycle of a classification object?,Tech
Why is algorithm considered essential for inheritance?,Tech
What is the first step in **baking** journaling?,Non-Tech
What is the common symbolic meaning of fermentation?,Non-Tech
Which license model is commonly associated with HTTPS?,Tech
What is a popular variation of Socrates?,Non-Tech
What is the highest-ranking official of Volcano?,Non-Tech
What security implications does penetration testing have?,Tech
What is the biggest challenge when working with PyTorch?,Tech
Who was the leader/figurehead during Opera?,Non-Tech
When was Brexit?,Non-Tech
What is the definition of monologue?,Non-Tech
Explain the concept of VPC.,Tech
Which museum houses Socrates?,Non-Tech
What are the rules of the sport/game the first moon landing?,Non-Tech
What are the pros and cons of using DevOps versus phishing?,Tech
In which year did Cubism end?,Non-Tech
Which ocean borders coral reef?,Non-Tech
What is the classification or genus of Olympics?,Non-Tech
How is graph database evolving in phishing?,Tech
What are the ethical considerations of Chess?,Non-Tech
How many people speak jigsaw puzzle (language)?,Non-Tech
What is the classification or genus of allergy?,Non-Tech
What are the best practices for Helm?,Tech
What is the standard protocol for bias?,Tech
How is document database utilized in HTTP?,Tech
What is the biggest challenge when working with bandwidth?,Tech
When was time management?,Non-Tech
"In mythology, who is the god/goddess of glacier?",Non-Tech
What is the highest point in protein?,Non-Tech
What are the key elements of the Arctic Circle style?,Non-Tech
What is the highest point in birdwatching?,Non-Tech
What was the main cause of tectonic plates?,Non-Tech
Name a country that shares a border with Nordic mythology.,Non-Tech
Name a major company that uses Django.,Tech
What is the difference between multithreading and GitHub Actions?,Tech
What is vulnerability in unit testing?,Tech
What natural wonder is located near basketball?,Non-Tech
Provide a real-world use case for Azure.,Tech
What equipment is necessary for mountain range?,Non-Tech
How long does it take to complete baking bread?,Non-Tech
What genre of art/music is Existentialism?,Non-Tech
Which museum houses vitamins?,Non-Tech
Contrast multithreading with Ruby.,Tech
"In the context of TypeScript, what does waterfall model refer to?",Tech
How is Django utilized in motherboard?,Tech
What is the difference between authentication and router?,Tech
Why is Spark considered essential for MFA?,Tech
What genre of art/music is the Great Wall of China?,Non-Tech
What are the key elements of the origami style?,Non-Tech
How does web server's performance compare to that of Big O?,Tech
Name a famous work by Volcano (artist/author).,Non-Tech
How does RAM's performance compare to that of Angular?,Tech
Name a country that shares a border with budgeting.,Non-Tech
Is PostgreSQL a suitable replacement for interface?,Tech
Name a famous work by Pangaea (artist/author).,Non-Tech
What is the primary role of version control in a modern application?,Tech
Name a country that shares a border with France.,Non-Tech
Name a famous work by currency (artist/author).,Non-Tech
What are the health risks associated with camping?,Non-Tech
What was the main cause of chocolate cake?,Non-Tech
Who directed the film/play Nordic mythology?,Non-Tech
Differentiate between Big O and Spring Boot.,Tech
Describe the architecture of IaaS.,Tech
How do you implement document database in recursion?,Tech
What is the optimal temperature for storing capitalism?,Non-Tech
Who directed the film/play pasta?,Non-Tech
How does encryption's performance compare to that of web server?,Tech
What are the similarities between digital signature and Ansible?,Tech
Can you provide a code snippet for cryptocurrency?,Tech
What is the predominant climate in Feudalism?,Non-Tech
What is the significance of Van Gogh in democracy culture?,Non-Tech
What is the main ingredient in Nobel Prize?,Non-Tech
In which year did monologue end?,Non-Tech
How do you debug issues related to Git?,Tech
Compare the political structure of photosynthesis and Poker.,Non-Tech
Describe the architecture of XSS.,Tech
How to handle a Lambda failure?,Tech
What is the most famous event associated with Beethoven?,Non-Tech
Explain the methodology for creating Hadoop.,Tech
What is the longest river in Rome?,Non-Tech
How did Rome influence modern Nietzsche?,Non-Tech
When should a developer use CPU?,Tech
How long does it take to complete camping?,Non-Tech
What is the classification or genus of basketball?,Non-Tech
What are the best practices for Django?,Tech
In which year did Van Gogh end?,Non-Tech
What are the steps involved in deploying a design pattern?,Tech
Explain the methodology for creating DNS.,Tech
Define JavaScript and provide an example.,Tech
What instrument is typically used to play retirement plan?,Non-Tech
How do you debug issues related to data set?,Tech
How to coral reef?,Non-Tech
How does dynamic programming work?,Tech
How can we optimize the performance of S3?,Tech
Who painted The Scream?,Non-Tech
Who wrote civil rights?,Non-Tech
What are the benefits of biodiversity?,Non-Tech
Compare the political structure of The Scream and poetry.,Non-Tech
Who was the leader/figurehead during Rome?,Non-Tech
How many people speak tennis (language)?,Non-Tech
What problem does SASS/LESS attempt to solve?,Tech
What genre of art/music is The Scream?,Non-Tech
What is the current industry trend regarding HTTP?,Tech
Explain the methodology for creating event-driven architecture.,Tech
What is the capital of civil rights?,Non-Tech
What problem does integration testing attempt to solve?,Tech
What is UX/UI in ACID properties?,Tech
What are the health risks associated with protein?,Non-Tech
Contrast lambda function with recursion.,Tech
Name a major company that uses XSS.,Tech
Can you provide a code snippet for CPU?,Tech
What is the most famous event associated with Amazon River?,Non-Tech
Describe the primary characteristics of Greek mythology.,Non-Tech
How do you implement version control in Hadoop?,Tech
Is GPU a suitable replacement for proxy server?,Tech
Describe the architecture of bias.,Tech
What are common errors encountered when using SaaS?,Tech
What is the capital of fermentation?,Non-Tech
"In the context of graph database, what does C++ refer to?",Tech
What is the scientific name for baking bread?,Non-Tech
What is the theoretical maximum for relational database?,Tech
What are the rules of the sport/game Greek mythology?,Non-Tech
Compare the political structure of tennis and Knitting.,Non-Tech
Differentiate between .NET and sprint.,Tech
What is the definition of rock climbing?,Non-Tech
Differentiate between security patch and binary tree.,Tech
How to democracy?,Non-Tech
What was the main cause of tectonic plates?,Non-Tech
Describe the primary characteristics of Stoicism.,Non-Tech
What are the pros and cons of using SQL versus C#?,Tech
What are the steps involved in deploying a Linux?,Tech
What is the standard protocol for data lake?,Tech
How is latency utilized in usability?,Tech
What treaty or agreement concluded meditation?,Non-Tech
What equipment is necessary for endangered species?,Non-Tech
What are the security best practices for data set?,Tech
Who directed the film/play Plato?,Non-Tech
What major discovery is attributed to communism?,Non-Tech
What is the common symbolic meaning of fermentation?,Non-Tech
What are common errors encountered when using regression?,Tech
How to S3 using smart contract?,Tech
What are the ethical considerations of origami?,Non-Tech
How does unsupervised learning work?,Tech
What is the official currency of protein?,Non-Tech
What was the main cause of astronomy?,Non-Tech
What is the current industry trend regarding CPU?,Tech
Contrast React with GCP.,Tech
What are the rules of the sport/game blood pressure?,Non-Tech
When was Socrates?,Non-Tech
What is the scientific name for Declaration of Independence?,Non-Tech
What instrument is typically used to play Mayan civilization?,Non-Tech
How is API gateway utilized in neural network?,Tech
What is the primary role of switch in a modern application?,Tech
What is a popular variation of pasta?,Non-Tech
What is a popular variation of Industrial Revolution?,Non-Tech
What are the security best practices for I/O?,Tech
What are the limitations of GitHub Actions?,Tech
Name a major company that uses thread.,Tech
Explain the methodology for creating process.,Tech
What is the biggest challenge when working with requirements analysis?,Tech
What are the rules of the sport/game public speaking?,Non-Tech
What security implications does requirements analysis have?,Tech
Can you provide a code snippet for synchronous?,Tech
Describe the architecture of NoSQL.,Tech
What is the first step in **baking** France?,Non-Tech
What are the similarities between web server and Ansible?,Tech
Compare the political structure of Ancient Egypt and Impressionism.,Non-Tech
What is the main ingredient in coral reef?,Non-Tech
Who wrote Shakespeare?,Non-Tech
What is the definition of Pangaea?,Non-Tech
What is the impact of generics on VPN performance?,Tech
Name a country that shares a border with comedy.,Non-Tech
What are the security best practices for requirements analysis?,Tech
Define waterfall model and provide an example.,Tech
Describe a scenario that leads to a stack conflict.,Tech
What is the significance of Mayan civilization in recycling culture?,Non-Tech
How do you implement memoization in Flask?,Tech
How long does it take to complete football (soccer)?,Non-Tech
What instrument is typically used to play blood pressure?,Non-Tech
Where is vitamins located?,Non-Tech
How is telemetry evolving in version control?,Tech
What are the health risks associated with Rome?,Non-Tech
What is the optimal temperature for storing swimming?,Non-Tech
What are the rules of the sport/game Suez Canal?,Non-Tech
How long does it take to complete etiquette?,Non-Tech
How do you debug issues related to integration testing?,Tech
What are the benefits of mindfulness?,Non-Tech
Which museum houses Pulitzer Prize?,Non-Tech
How does IDE work?,Tech
"In the context of JavaScript, what does usability refer to?",Tech
What is the primary role of classification in a modern application?,Tech
How do you implement React in TCP/IP?,Tech
What is recursion in hashing?,Tech
What is the capital of photography?,Non-Tech
How many people speak Van Gogh (language)?,Non-Tech
What genre of art/music is Nelson Mandela?,Non-Tech
Who painted Shakespeare?,Non-Tech
Where is fairy tale located?,Non-Tech
What are the health risks associated with Brexit?,Non-Tech
How many people speak financial literacy (language)?,Non-Tech
Provide a real-world use case for Agile.,Tech
How do you debug issues related to API?,Tech
What are the key features of session?,Tech
What are the pros and cons of using stack versus Computer Vision?,Tech
Describe the architecture of filesystem.,Tech
What are the rules of the sport/game Nietzsche?,Non-Tech
What is the significance of time management in budgeting culture?,Non-Tech
What is the impact of Python on kernel performance?,Tech
How can GCP improve the scalability of feature engineering?,Tech
Which museum houses Vikings?,Non-Tech
Compare the political structure of tai chi and photosynthesis.,Non-Tech
Where is Cold War located?,Non-Tech
What was the main cause of mountain range?,Non-Tech
What is the significance of upcycling in Tornado culture?,Non-Tech
What is the current industry trend regarding retrospective?,Tech
How can unsupervised learning improve the scalability of smart contract?,Tech
How can we optimize the performance of CI/CD?,Tech
Explain the concept of phishing.,Tech
What are the similarities between CSS and bandwidth?,Tech
What is the highest point in metabolism?,Non-Tech
"In mythology, who is the god/goddess of photography?",Non-Tech
What are the benefits of photography?,Non-Tech
How does I/O's performance compare to that of authentication?,Tech
What is the definition of Arctic Circle?,Non-Tech
Who directed the film/play Socrates?,Non-Tech
Who was the leader/figurehead during Curry?,Non-Tech
What treaty or agreement concluded United Nations?,Non-Tech
What natural wonder is located near The Scream?,Non-Tech
Who was the leader/figurehead during Opera?,Non-Tech
Explain the methodology for creating indexing.,Tech
Which license model is commonly associated with Agile?,Tech
Provide a real-world use case for sockets.,Tech
Contrast biometrics with kernel.,Tech
How long does it take to complete Oscar award?,Non-Tech
When should a developer use kernel?,Tech
What are the similarities between Windows and API?,Tech
What is the first step in **baking** Curry?,Non-Tech
What are the pros and cons of using .NET versus Go?,Tech
How to set up a basic SOLID principles project?,Tech
"In mythology, who is the god/goddess of fermentation?",Non-Tech
Explain the mathematical foundation of virtual machine.,Tech
How many people speak glacier (language)?,Non-Tech
Which is older: fencing or coral reef?,Non-Tech
Why is MFA considered essential for RAM?,Tech
What are the best practices for Redux?,Tech
"In the context of model training, what does compiler refer to?",Tech
What are the best practices for sockets?,Tech
Name a famous work by Volcano (artist/author).,Non-Tech
Explain the methodology for creating CAP theorem.,Tech
What is the definition of inflation?,Non-Tech
Explain the concept of .NET.,Tech
What treaty or agreement concluded sleep hygiene?,Non-Tech
What major discovery is attributed to Nobel Prize?,Non-Tech
Compare the political structure of Shakespeare and Feudalism.,Non-Tech
How did documentary influence modern United Nations?,Non-Tech
What is the impact of interface on waterfall model performance?,Tech
What is the first step in **baking** endangered species?,Non-Tech
What problem does authentication attempt to solve?,Tech
Name a major company that uses frontend.,Tech
What are common errors encountered when using accessibility?,Tech
Describe the architecture of classification.,Tech
What is the primary role of frontend in a modern application?,Tech
What are the pros and cons of using inheritance versus .NET?,Tech
What is a popular variation of national park?,Non-Tech
Who directed the film/play ecosystem?,Non-Tech
What is the use of Agile in Kubernetes?,Tech
Can you provide a code snippet for C++?,Tech
Which license model is commonly associated with SOLID principles?,Tech
What instrument is typically used to play Industrial Revolution?,Non-Tech
Name a country that shares a border with blood pressure.,Non-Tech
How does Confluence's performance compare to that of cryptocurrency?,Tech
Provide a real-world use case for binary tree.,Tech
What is lambda function in motherboard?,Tech
What are the best practices for regression?,Tech
How to set up a basic unit testing project?,Tech
What is the current industry trend regarding asynchronous?,Tech
What is the predominant climate in the Mona Lisa?,Non-Tech
What is the current industry trend regarding lambda function?,Tech
Who wrote cinema?,Non-Tech
What is the capital of Pangaea?,Non-Tech
What major discovery is attributed to Symphony?,Non-Tech
How do you debug issues related to Flask?,Tech
What is the most famous event associated with football (soccer)?,Non-Tech
Provide a real-world use case for HTTP.,Tech
Can you provide a code snippet for Rust?,Tech
Name a major company that uses SQL.,Tech
What is the current industry trend regarding Scrum?,Tech
How many people speak judo (language)?,Non-Tech
Explain the mathematical foundation of telemetry.,Tech
What are the key features of data set?,Tech
Name a major company that uses Express.js.,Tech
What is the longest river in cinema?,Non-Tech
What is .NET in virtualization?,Tech
Who directed the film/play Oscar award?,Non-Tech
What is the recommended form for **meditation** while biodiversity?,Non-Tech
Why is Agile considered essential for unit testing?,Tech
What is the predominant climate in budgeting?,Non-Tech
What problem does classification attempt to solve?,Tech
How long does it take to complete cinema?,Non-Tech
Is penetration testing a suitable replacement for feature engineering?,Tech
What security implications does monitoring have?,Tech
What are common errors encountered when using port?,Tech
Can you provide a code snippet for proxy server?,Tech
How does archery differ from Inca empire?,Non-Tech
Explain the mathematical foundation of MongoDB.,Tech
Provide a real-world use case for IP address.,Tech
Who wrote Inca empire?,Non-Tech
Which ocean borders Queen Elizabeth II?,Non-Tech
What are the steps involved in deploying a Rust?,Tech
How can we optimize the performance of supervised learning?,Tech
What are the security best practices for TensorFlow?,Tech
I am, Non-Tech
What are you doing, Non-Tech
You are good, Non-Tech
What is Linux,Tech
What is Python,Tech
What is JavaScript,Tech
What is HTML,Tech
What is CSS,Tech
What is SQL,Tech
What is NoSQL,Tech
What is MongoDB,Tech
What is React,Tech
What is Node.js,Tech
What is Express.js,Tech
What is REST API,Tech
What is GraphQL,Tech
What is Docker,Tech
What is Kubernetes,Tech
What is Git,Tech
What is GitHub,Tech
What is CI/CD,Tech
What is Jenkins,Tech
What is Terraform,Tech
What is Ansible,Tech
What is AWS,Tech
What is Azure,Tech
What is Google Cloud,Tech
What is Microservices,Tech
What is Monolithic Architecture,Tech
What is SaaS,Tech
What is PaaS,Tech
What is IaaS,Tech
What is Virtualization,Tech
What is Hypervisor,Tech
What is VM,Tech
What is Containerization,Tech
What is Blockchain,Tech
What is Bitcoin,Tech
What is Ethereum,Tech
What is Smart Contract,Tech
What is NFT,Tech
What is AI,Tech
What is Machine Learning,Tech
What is Deep Learning,Tech
What is Neural Network,Tech
What is Convolutional Neural Network,Tech
What is Recurrent Neural Network,Tech
What is LSTM,Tech
What is GAN,Tech
What is Reinforcement Learning,Tech
What is NLP,Tech
What is Tokenization,Tech
What is Stemming,Tech
What is Lemmatization,Tech
What is TF-IDF,Tech
What is Word2Vec,Tech
What is BERT,Tech
What is Transformer,Tech
What is Attention Mechanism,Tech
What is OpenAI,Tech
What is ChatGPT,Tech
What is API,Tech
What is SDK,Tech
What is IDE,Tech
What is VS Code,Tech
What is PyCharm,Tech
What is Eclipse,Tech
What is IntelliJ,Tech
What is Debugger,Tech
What is Compiler,Tech
What is Interpreter,Tech
What is Shell,Tech
What is Bash,Tech
What is Zsh,Tech
What is PowerShell,Tech
What is Linux Kernel,Tech
What is Windows OS,Tech
What is MacOS,Tech
What is Command Line Interface,Tech
What is GUI,Tech
What is HTTP,Tech
What is HTTPS,Tech
What is TCP/IP,Tech
What is UDP,Tech
What is DNS,Tech
What is DHCP,Tech
What is IP Address,Tech
What is Subnet,Tech
What is VPN,Tech
What is Firewall,Tech
What is SSL,Tech
What is TLS,Tech
What is Load Balancer,Tech
What is Reverse Proxy,Tech
What is Nginx,Tech
What is Apache,Tech
What is Linux File System,Tech
What is ext4,Tech
What is NTFS,Tech
What is FAT32,Tech
What is RAID,Tech
What is Git Branch,Tech
What is Git Merge,Tech
What is Pull Request,Tech
What is Commit,Tech
What is Push,Tech
What is Fetch,Tech
What is Merge Conflict,Tech
What is Open Source,Tech
What is Proprietary Software,Tech
